id_stand,location
EST003,Desarrollo Web y Móvil
EST001,Ciencia de Datos y Arquitectura
EST002,Fundamentos
EST001,Ciencia de Datos y Arquitectura
EST001,Fundamentos
EST002,Ciencia de Datos y Arquitectura
EST003,Desarrollo Web y Móvil
EST003,Fundamentos
EST002,Ciencia de Datos y Arquitectura
EST002,Desarrollo Web y Móvil
EST001,Desarrollo Web y Móvil
EST002,Fundamentos
EST003,Ciencia de Datos y Arquitectura
EST002,Desarrollo Web y Móvil
EST002,Fundamentos
EST003,Ciencia de Datos y Arquitectura
EST001,Fundamentos
EST001,Desarrollo Web y Móvil
EST003,Desarrollo Web y Móvil
EST001,Desarrollo Web y Móvil
EST001,Fundamentos
EST002,Desarrollo Web y Móvil
EST002,Fundamentos
EST002,Ciencia de Datos y Arquitectura
EST003,Desarrollo Web y Móvil
EST001,Ciencia de Datos y Arquitectura
EST002,Fundamentos
EST002,Fundamentos
EST002,Ciencia de Datos y Arquitectura
EST001,Ciencia de Datos y Arquitectura
EST002,Fundamentos
EST003,Ciencia de Datos y Arquitectura
EST001,Desarrollo Web y Móvil
EST003,Ciencia de Datos y Arquitectura
EST003,Desarrollo Web y Móvil
EST001,Fundamentos
EST002,Ciencia de Datos y Arquitectura
EST002,Fundamentos
EST001,Desarrollo Web y Móvil
EST002,Desarrollo Web y Móvil
EST001,Desarrollo Web y Móvil
EST002,Ciencia de Datos y Arquitectura
EST001,Fundamentos
EST003,Desarrollo Web y Móvil
EST003,Desarrollo Web y Móvil
EST003,Fundamentos
EST002,Fundamentos
EST003,Fundamentos
EST003,Ciencia de Datos y Arquitectura
EST002,Fundamentos
EST001,Desarrollo Web y Móvil
EST002,Ciencia de Datos y Arquitectura
EST001,Desarrollo Web y Móvil
EST002,Fundamentos
EST002,Fundamentos
EST002,Ciencia de Datos y Arquitectura
EST002,Ciencia de Datos y Arquitectura
EST001,Fundamentos
EST002,Desarrollo Web y Móvil
EST001,Fundamentos
EST003,Ciencia de Datos y Arquitectura
EST003,Ciencia de Datos y Arquitectura
EST002,Fundamentos
EST003,Ciencia de Datos y Arquitectura
EST001,Fundamentos
EST002,Desarrollo Web y Móvil
EST003,Desarrollo Web y Móvil
EST001,Desarrollo Web y Móvil
EST002,Fundamentos
EST003,Fundamentos
EST003,Desarrollo Web y Móvil
EST001,Fundamentos
EST002,Fundamentos
EST003,Desarrollo Web y Móvil
EST003,Desarrollo Web y Móvil
EST001,Fundamentos
EST002,Fundamentos
EST002,Ciencia de Datos y Arquitectura
EST001,Fundamentos
EST001,Desarrollo Web y Móvil
EST003,Desarrollo Web y Móvil
EST003,Ciencia de Datos y Arquitectura
EST003,Fundamentos
EST001,Ciencia de Datos y Arquitectura
EST003,Ciencia de Datos y Arquitectura
EST002,Fundamentos
EST002,Fundamentos
EST002,Ciencia de Datos y Arquitectura
EST003,Fundamentos
EST002,Fundamentos
EST003,Desarrollo Web y Móvil
EST002,Fundamentos
EST002,Desarrollo Web y Móvil
EST001,Ciencia de Datos y Arquitectura
EST002,Desarrollo Web y Móvil
EST001,Desarrollo Web y Móvil
EST003,Desarrollo Web y Móvil
EST003,Ciencia de Datos y Arquitectura
EST002,Desarrollo Web y Móvil
EST001,Fundamentos
